date,symbol,high,low,close,open
2021-01-04,VN30F2101,1115.00,1090.20,1109.40,1091.00
2021-01-05,VN30F2101,1115.70,1100.10,1111.00,1106.50
2021-01-06,VN30F2101,1132.50,1114.10,1125.00,1116.50
2021-01-07,VN30F2101,1148.90,1124.20,1148.90,1134.80
2021-01-08,VN30F2101,1176.60,1146.00,1176.60,1146.70
2021-01-11,VN30F2101,1196.80,1177.20,1193.10,1180.90
2021-01-12,VN30F2101,1198.00,1184.20,1191.90,1197.90
2021-01-13,VN30F2101,1201.60,1179.00,1192.00,1195.00
2021-01-14,VN30F2101,1195.60,1182.00,1188.90,1190.80
2021-01-15,VN30F2102,1199.80,1194.10,1198.00,1195.90
2021-01-18,VN30F2102,1200.00,1190.00,1190.00,1198.50
2021-01-19,VN30F2102,1193.90,1110.00,1125.00,1193.00
2021-01-20,VN30F2102,1176.00,1090.00,1156.00,1130.00
2021-01-21,VN30F2102,1184.30,1143.10,1181.00,1157.90
2021-01-22,VN30F2102,1189.20,1168.10,1173.50,1183.00
2021-01-25,VN30F2102,1178.40,1166.40,1173.10,1172.00
2021-01-26,VN30F2102,1173.30,1115.00,1133.00,1171.80
2021-01-27,VN30F2102,1134.80,1078.00,1082.20,1127.50
2021-01-28,VN30F2102,1050.00,1006.50,1006.50,1050.00
2021-01-29,VN30F2102,1076.90,966.30,1076.90,974.00
2021-02-01,VN30F2102,1075.80,1030.00,1030.00,1065.00
2021-02-02,VN30F2102,1098.60,1031.00,1092.00,1039.00
2021-02-03,VN30F2102,1143.00,1097.00,1124.90,1100.20
2021-02-04,VN30F2102,1134.00,1106.20,1115.00,1126.60
2021-02-05,VN30F2102,1146.00,1122.20,1139.90,1125.00
2021-02-08,VN30F2102,1139.50,1075.00,1092.00,1138.20
2021-02-09,VN30F2102,1142.90,1095.00,1130.30,1100.00
2021-02-17,VN30F2102,1176.60,1140.10,1176.60,1140.50
2021-02-18,VN30F2102,1187.30,1166.60,1187.30,1183.00
2021-02-19,VN30F2103,1193.30,1168.90,1178.00,1176.00
2021-02-22,VN30F2103,1199.80,1169.10,1173.10,1182.40
2021-02-23,VN30F2103,1197.90,1176.20,1186.40,1178.10
2021-02-24,VN30F2103,1199.80,1148.20,1162.00,1191.30
2021-02-25,VN30F2103,1182.00,1159.70,1182.00,1177.00
2021-02-26,VN30F2103,1179.90,1146.10,1174.00,1161.80
2021-03-01,VN30F2103,1194.00,1182.40,1193.00,1183.50
2021-03-02,VN30F2103,1201.50,1186.00,1194.00,1198.10
2021-03-03,VN30F2103,1200.50,1190.20,1199.50,1192.20
2021-03-04,VN30F2103,1200.70,1165.00,1181.30,1195.90
2021-03-05,VN30F2103,1175.40,1159.70,1169.00,1168.90
2021-03-08,VN30F2103,1183.40,1160.60,1165.00,1180.60
2021-03-09,VN30F2103,1171.00,1149.00,1158.50,1165.10
2021-03-10,VN30F2103,1178.90,1156.20,1178.90,1161.90
2021-03-11,VN30F2103,1194.30,1184.10,1191.30,1185.00
2021-03-12,VN30F2103,1194.20,1183.50,1190.00,1192.90
2021-03-15,VN30F2103,1192.00,1186.60,1188.80,1189.00
2021-03-16,VN30F2103,1191.50,1180.10,1186.20,1191.10
2021-03-17,VN30F2103,1197.80,1182.70,1197.80,1184.10
2021-03-18,VN30F2103,1212.00,1203.00,1211.50,1204.10
2021-03-19,VN30F2104,1210.50,1199.20,1208.00,1203.90
2021-03-22,VN30F2104,1209.90,1192.40,1192.40,1207.60
2021-03-23,VN30F2104,1195.90,1179.90,1184.50,1195.70
2021-03-24,VN30F2104,1179.00,1155.00,1170.90,1178.50
2021-03-25,VN30F2104,1177.90,1158.10,1162.00,1172.00
2021-03-26,VN30F2104,1175.00,1143.80,1173.00,1164.20
2021-03-29,VN30F2104,1187.00,1166.60,1183.00,1176.80
2021-03-30,VN30F2104,1194.40,1179.10,1191.20,1182.80
2021-03-31,VN30F2104,1199.90,1189.00,1191.90,1192.50
2021-04-01,VN30F2104,1237.00,1191.80,1235.50,1193.00
2021-04-02,VN30F2104,1249.00,1232.50,1234.00,1241.00
2021-04-05,VN30F2104,1258.60,1239.50,1257.00,1241.00
2021-04-06,VN30F2104,1259.00,1246.00,1252.10,1256.80
2021-04-07,VN30F2104,1256.60,1247.60,1252.00,1249.50
2021-04-08,VN30F2104,1258.90,1241.00,1243.20,1253.10
2021-04-09,VN30F2104,1253.90,1238.50,1251.90,1244.80
2021-04-12,VN30F2104,1281.90,1257.10,1274.60,1260.00
2021-04-13,VN30F2104,1296.10,1267.00,1271.00,1280.20
2021-04-14,VN30F2104,1293.00,1265.50,1292.00,1268.00
2021-04-15,VN30F2104,1298.90,1282.50,1283.90,1294.80
2021-04-16,VN30F2105,1285.50,1256.10,1273.50,1283.50
2021-04-19,VN30F2105,1312.00,1271.60,1312.00,1276.00
2021-04-20,VN30F2105,1334.00,1282.10,1300.00,1316.00
2021-04-22,VN30F2105,1312.80,1261.20,1261.20,1301.00
2021-04-23,VN30F2105,1296.70,1249.10,1296.70,1260.90
2021-04-26,VN30F2105,1306.40,1249.70,1254.00,1297.00
2021-04-27,VN30F2105,1277.80,1253.00,1265.00,1253.00
2021-04-28,VN30F2105,1288.70,1261.00,1275.00,1268.00
2021-04-29,VN30F2105,1305.00,1282.20,1301.00,1285.00
2021-05-04,VN30F2105,1327.10,1273.20,1320.00,1278.00
2021-05-05,VN30F2105,1352.70,1320.10,1335.90,1323.20
2021-05-06,VN30F2105,1343.90,1327.10,1336.50,1340.60
2021-05-07,VN30F2105,1339.80,1314.00,1323.80,1336.20
2021-05-10,VN30F2105,1375.00,1322.80,1375.00,1323.20
2021-05-11,VN30F2105,1385.00,1348.30,1350.10,1373.50
2021-05-12,VN30F2105,1384.00,1338.40,1382.10,1347.50
2021-05-13,VN30F2105,1383.70,1360.10,1363.90,1376.00
2021-05-14,VN30F2105,1391.70,1369.00,1374.00,1372.20
2021-05-17,VN30F2105,1388.30,1365.00,1367.00,1382.10
2021-05-18,VN30F2105,1379.60,1360.60,1375.00,1371.90
2021-05-19,VN30F2105,1407.40,1373.10,1404.90,1373.30
2021-05-20,VN30F2105,1425.00,1397.10,1425.00,1407.10
2021-05-21,VN30F2106,1423.00,1406.40,1414.00,1412.40
2021-05-24,VN30F2106,1428.50,1414.20,1426.00,1415.00
2021-05-25,VN30F2106,1443.30,1423.50,1438.00,1427.00
2021-05-26,VN30F2106,1453.00,1436.70,1453.00,1439.00
2021-05-27,VN30F2106,1456.00,1430.00,1430.00,1453.00
2021-05-28,VN30F2106,1464.80,1433.60,1462.50,1434.20
2021-05-31,VN30F2106,1480.80,1443.00,1479.50,1459.90
2021-06-01,VN30F2106,1497.40,1475.70,1487.60,1485.00
2021-06-02,VN30F2106,1494.40,1468.00,1481.80,1487.50
2021-06-03,VN30F2106,1507.50,1483.10,1504.00,1486.50
2021-06-04,VN30F2106,1510.90,1495.50,1505.90,1504.60
2021-06-07,VN30F2106,1509.20,1473.00,1485.00,1507.00
2021-06-08,VN30F2106,1498.40,1400.00,1429.90,1488.10
2021-06-09,VN30F2106,1473.80,1426.00,1459.00,1439.90
2021-06-10,VN30F2106,1470.00,1438.00,1453.00,1460.90
2021-06-11,VN30F2106,1494.90,1456.20,1493.20,1458.90
2021-06-14,VN30F2106,1509.30,1485.20,1497.50,1494.20
2021-06-15,VN30F2106,1505.80,1486.10,1491.00,1498.10
2021-06-16,VN30F2106,1494.30,1461.50,1468.90,1490.70
2021-06-17,VN30F2106,1472.80,1452.00,1463.90,1462.00
2021-06-18,VN30F2107,1491.70,1469.00,1485.00,1470.00
2021-06-21,VN30F2107,1487.00,1471.00,1474.10,1476.00
2021-06-22,VN30F2107,1500.90,1483.20,1490.40,1484.80
2021-06-23,VN30F2107,1504.10,1484.00,1490.40,1492.50
2021-06-24,VN30F2107,1503.00,1478.00,1488.00,1497.60
2021-06-25,VN30F2107,1505.00,1484.00,1505.00,1496.50
2021-06-28,VN30F2107,1525.50,1507.50,1523.80,1509.10
2021-06-29,VN30F2107,1535.40,1522.30,1533.90,1524.10
2021-06-30,VN30F2107,1542.90,1528.00,1529.20,1534.10
2021-07-01,VN30F2107,1549.00,1525.50,1549.00,1532.00
2021-07-02,VN30F2107,1558.00,1547.00,1556.10,1551.00
2021-07-05,VN30F2107,1568.00,1533.40,1568.00,1560.00
2021-07-06,VN30F2107,1569.30,1501.00,1501.00,1566.00
2021-07-07,VN30F2107,1536.90,1492.00,1535.00,1515.00
2021-07-08,VN30F2107,1538.00,1500.00,1513.00,1532.50
2021-07-09,VN30F2107,1530.00,1480.00,1497.00,1509.00
2021-07-12,VN30F2107,1503.80,1401.00,1443.90,1503.00
2021-07-13,VN30F2107,1458.80,1416.00,1446.90,1442.00
2021-07-14,VN30F2107,1451.00,1395.30,1409.00,1448.50
2021-07-15,VN30F2107,1440.10,1403.00,1431.80,1410.80
2021-07-16,VN30F2108,1449.00,1434.20,1440.00,1435.10
2021-07-19,VN30F2108,1415.00,1366.60,1368.00,1414.80
2021-07-20,VN30F2108,1409.40,1358.10,1405.00,1374.00
2021-07-21,VN30F2108,1417.70,1395.00,1402.00,1411.00
2021-07-22,VN30F2108,1437.00,1402.00,1427.10,1404.60
2021-07-23,VN30F2108,1430.50,1401.00,1401.00,1424.80
2021-07-26,VN30F2108,1417.00,1383.00,1408.10,1399.90
2021-07-27,VN30F2108,1426.00,1405.10,1405.30,1413.00
2021-07-28,VN30F2108,1418.00,1400.00,1407.80,1405.10
2021-07-29,VN30F2108,1431.10,1414.00,1431.10,1416.00
2021-07-30,VN30F2108,1446.60,1427.20,1445.00,1430.60
2021-08-02,VN30F2108,1458.10,1442.30,1447.90,1446.60
2021-08-03,VN30F2108,1475.00,1447.10,1475.00,1449.70
2021-08-04,VN30F2108,1481.00,1461.60,1470.90,1473.00
2021-08-05,VN30F2108,1491.40,1466.10,1487.10,1468.00
2021-08-06,VN30F2108,1491.20,1471.50,1472.90,1487.30
2021-08-09,VN30F2108,1503.50,1468.00,1500.50,1469.90
2021-08-10,VN30F2108,1507.50,1485.50,1494.10,1501.20
2021-08-11,VN30F2108,1505.50,1486.00,1486.00,1496.00
2021-08-12,VN30F2108,1493.00,1472.40,1477.10,1486.90
2021-08-13,VN30F2108,1485.00,1463.30,1485.00,1480.00
2021-08-16,VN30F2108,1504.10,1485.20,1503.00,1485.20
2021-08-17,VN30F2108,1508.50,1487.50,1493.00,1507.80
2021-08-18,VN30F2108,1505.20,1485.10,1490.90,1495.00
2021-08-19,VN30F2108,1502.90,1484.30,1500.00,1493.00
2021-08-20,VN30F2109,1493.20,1425.00,1445.00,1492.80
2021-08-23,VN30F2109,1447.70,1408.10,1411.20,1444.40
2021-08-24,VN30F2109,1427.70,1407.00,1415.10,1415.00
2021-08-25,VN30F2109,1432.00,1410.00,1431.50,1417.80
2021-08-26,VN30F2109,1432.00,1402.10,1406.70,1430.40
2021-08-27,VN30F2109,1422.90,1390.00,1420.00,1409.50
2021-08-30,VN30F2109,1435.30,1422.50,1432.90,1423.00
2021-08-31,VN30F2109,1434.50,1421.00,1427.00,1433.10
2021-09-01,VN30F2109,1435.00,1422.60,1428.60,1427.10
2021-09-06,VN30F2109,1445.00,1431.00,1444.60,1433.80
2021-09-07,VN30F2109,1449.80,1436.00,1441.00,1445.20
2021-09-08,VN30F2109,1442.00,1427.60,1431.10,1441.70
2021-09-09,VN30F2109,1446.00,1429.80,1446.00,1430.70
2021-09-10,VN30F2109,1453.30,1442.30,1447.10,1447.20
2021-09-13,VN30F2109,1448.80,1437.10,1442.00,1445.30
2021-09-14,VN30F2109,1445.20,1434.50,1436.50,1441.00
2021-09-15,VN30F2109,1451.00,1434.80,1447.50,1437.50
2021-09-16,VN30F2109,1453.80,1445.70,1449.80,1447.90
2021-09-17,VN30F2110,1457.80,1443.30,1456.80,1444.30
2021-09-20,VN30F2110,1467.00,1452.00,1452.00,1460.00
2021-09-21,VN30F2110,1447.40,1425.40,1440.00,1446.00
2021-09-22,VN30F2110,1443.90,1433.60,1440.80,1441.40
2021-09-23,VN30F2110,1455.50,1445.50,1450.00,1447.80
2021-09-24,VN30F2110,1456.00,1446.10,1449.90,1454.60
2021-09-27,VN30F2110,1454.40,1434.00,1434.00,1452.30
2021-09-28,VN30F2110,1454.40,1429.50,1454.40,1430.00
2021-09-29,VN30F2110,1452.50,1433.40,1449.20,1449.10
2021-09-30,VN30F2110,1458.50,1448.00,1452.00,1451.00
2021-10-01,VN30F2110,1446.50,1436.00,1441.00,1441.00
2021-10-04,VN30F2110,1444.80,1434.00,1440.30,1441.00
2021-10-05,VN30F2110,1449.80,1437.60,1449.00,1437.90
2021-10-06,VN30F2110,1453.50,1447.10,1452.00,1451.20
2021-10-07,VN30F2110,1459.50,1452.80,1454.80,1457.40
2021-10-08,VN30F2110,1477.00,1457.40,1474.50,1458.00
2021-10-11,VN30F2110,1514.80,1475.50,1513.50,1475.50
2021-10-12,VN30F2110,1514.00,1499.50,1510.00,1513.50
2021-10-13,VN30F2110,1522.60,1502.10,1503.10,1513.00
2021-10-14,VN30F2110,1514.90,1500.00,1505.90,1508.50
2021-10-15,VN30F2110,1516.70,1500.30,1504.50,1510.00
2021-10-18,VN30F2110,1522.00,1505.10,1510.50,1505.10
2021-10-19,VN30F2110,1513.50,1503.10,1510.60,1511.10
2021-10-20,VN30F2110,1517.50,1451.00,1504.00,1513.00
2021-10-21,VN30F2110,1509.50,1489.00,1489.00,1507.20
2021-10-22,VN30F2111,1496.90,1485.30,1492.00,1495.20
2021-10-25,VN30F2111,1495.00,1478.00,1478.00,1495.00
2021-10-26,VN30F2111,1489.10,1468.20,1489.00,1477.00
2021-10-27,VN30F2111,1526.50,1487.50,1523.30,1488.30
2021-10-28,VN30F2111,1535.90,1517.20,1532.30,1523.30
2021-10-29,VN30F2111,1540.00,1526.50,1533.70,1532.00
2021-11-01,VN30F2111,1535.70,1518.10,1522.70,1535.00
2021-11-02,VN30F2111,1528.70,1518.60,1524.10,1522.00
2021-11-03,VN30F2111,1538.30,1520.10,1528.50,1524.40
2021-11-04,VN30F2111,1535.20,1523.10,1529.80,1530.50
2021-11-05,VN30F2111,1539.60,1526.50,1535.10,1529.30
2021-11-08,VN30F2111,1545.50,1533.60,1537.70,1537.60
2021-11-09,VN30F2111,1539.00,1520.50,1525.50,1538.00
2021-11-10,VN30F2111,1534.90,1518.60,1529.30,1525.00
2021-11-11,VN30F2111,1530.00,1506.00,1513.00,1527.60
2021-11-12,VN30F2111,1532.00,1505.10,1530.70,1514.60
2021-11-15,VN30F2111,1536.60,1521.40,1527.80,1533.00
2021-11-16,VN30F2111,1529.50,1514.60,1517.30,1527.80
2021-11-17,VN30F2111,1523.30,1514.20,1520.40,1516.10
2021-11-18,VN30F2111,1522.30,1504.10,1504.10,1521.90
2021-11-19,VN30F2112,1523.20,1488.00,1502.50,1505.80
2021-11-22,VN30F2112,1521.90,1498.40,1512.50,1503.60
2021-11-23,VN30F2112,1528.90,1509.00,1528.90,1512.60
2021-11-24,VN30F2112,1565.00,1529.60,1562.10,1533.50
2021-11-25,VN30F2112,1575.00,1561.50,1566.60,1564.50
2021-11-26,VN30F2112,1577.00,1553.00,1556.70,1564.60
2021-11-29,VN30F2112,1552.00,1536.20,1551.90,1548.00
2021-11-30,VN30F2112,1563.70,1533.30,1537.10,1556.00
2021-12-01,VN30F2112,1553.90,1530.30,1553.90,1536.90
2021-12-02,VN30F2112,1554.40,1539.60,1540.00,1549.90
2021-12-03,VN30F2112,1547.90,1509.00,1509.00,1545.00
2021-12-06,VN30F2112,1513.50,1466.10,1480.20,1508.10
2021-12-07,VN30F2112,1512.00,1487.00,1512.00,1490.00
2021-12-08,VN30F2112,1518.40,1508.00,1511.00,1515.70
2021-12-09,VN30F2112,1533.00,1510.00,1532.00,1512.80
2021-12-10,VN30F2112,1532.50,1512.50,1520.50,1531.00
2021-12-13,VN30F2112,1527.40,1516.10,1525.90,1526.90
2021-12-14,VN30F2112,1530.00,1513.20,1518.50,1523.90
2021-12-15,VN30F2112,1527.50,1514.10,1520.10,1518.50
2021-12-16,VN30F2112,1527.00,1460.20,1510.00,1525.50
2021-12-17,VN30F2201,1524.90,1512.60,1520.00,1514.00
2021-12-20,VN30F2201,1517.50,1495.20,1508.00,1512.00
2021-12-21,VN30F2201,1519.50,1508.90,1512.50,1511.00
2021-12-22,VN30F2201,1519.70,1500.00,1508.00,1515.60
2021-12-23,VN30F2201,1507.80,1475.10,1488.20,1506.70
2021-12-24,VN30F2201,1512.00,1484.20,1509.00,1488.00
2021-12-27,VN30F2201,1518.80,1501.30,1516.00,1513.50
2021-12-28,VN30F2201,1524.50,1509.50,1520.20,1518.00
2021-12-29,VN30F2201,1526.40,1517.00,1519.00,1522.00
2021-12-30,VN30F2201,1533.50,1518.20,1525.50,1518.90
2021-12-31,VN30F2201,1542.00,1527.30,1537.00,1527.90
2022-01-04,VN30F2201,1563.00,1542.90,1558.50,1544.90
2022-01-05,VN30F2201,1560.50,1548.10,1549.00,1557.60
2022-01-06,VN30F2201,1557.00,1543.50,1545.10,1544.00
2022-01-07,VN30F2201,1548.00,1533.10,1539.60,1547.90
2022-01-10,VN30F2201,1540.30,1513.10,1513.10,1540.00
2022-01-11,VN30F2201,1518.70,1499.50,1503.60,1515.00
2022-01-12,VN30F2201,1528.90,1486.10,1528.90,1500.10
2022-01-13,VN30F2201,1541.90,1522.40,1525.70,1530.10
2022-01-14,VN30F2201,1532.30,1515.00,1520.10,1519.50
2022-01-17,VN30F2201,1525.40,1478.20,1480.00,1522.90
2022-01-18,VN30F2201,1489.90,1466.20,1482.50,1475.00
2022-01-19,VN30F2201,1496.50,1476.50,1482.00,1482.90
2022-01-20,VN30F2201,1495.80,1480.10,1492.60,1483.80
2022-01-21,VN30F2202,1503.80,1490.80,1498.90,1493.00
2022-01-24,VN30F2202,1496.00,1466.00,1468.20,1496.00
2022-01-25,VN30F2202,1503.90,1465.20,1503.90,1468.70
2022-01-26,VN30F2202,1525.00,1509.00,1519.00,1510.00
2022-01-27,VN30F2202,1516.50,1498.50,1512.00,1513.30
2022-01-28,VN30F2202,1534.50,1517.10,1528.00,1518.20
2022-02-07,VN30F2202,1548.00,1530.00,1532.80,1543.90
2022-02-08,VN30F2202,1543.70,1527.40,1535.50,1532.80
2022-02-09,VN30F2202,1555.90,1540.00,1541.00,1540.00
2022-02-10,VN30F2202,1544.50,1528.50,1542.50,1544.00
2022-02-11,VN30F2202,1545.90,1534.90,1543.00,1538.90
2022-02-14,VN30F2202,1536.00,1510.10,1510.10,1535.50
2022-02-15,VN30F2202,1527.50,1511.00,1522.00,1511.10
2022-02-16,VN30F2202,1532.40,1514.50,1521.00,1528.00
2022-02-17,VN30F2202,1540.20,1521.30,1540.20,1522.00
2022-02-18,VN30F2203,1527.80,1518.30,1525.00,1525.00
2022-02-21,VN30F2203,1531.50,1521.00,1530.00,1523.20
2022-02-22,VN30F2203,1519.70,1501.40,1517.50,1517.90
2022-02-23,VN30F2203,1535.00,1524.40,1529.30,1526.10
2022-02-24,VN30F2203,1526.20,1502.50,1514.70,1520.00
2022-02-25,VN30F2203,1529.90,1517.00,1517.00,1526.00
2022-02-28,VN30F2203,1518.80,1507.60,1511.20,1511.00
2022-03-01,VN30F2203,1518.20,1512.10,1515.60,1517.80
2022-03-02,VN30F2203,1513.00,1495.80,1502.00,1512.00
2022-03-03,VN30F2203,1517.50,1502.80,1517.50,1508.50
2022-03-04,VN30F2203,1517.50,1510.00,1513.00,1514.80
2022-03-07,VN30F2203,1507.80,1496.00,1504.20,1496.00
2022-03-08,VN30F2203,1499.40,1484.20,1490.30,1498.70
2022-03-09,VN30F2203,1495.80,1486.20,1490.80,1494.00
2022-03-10,VN30F2203,1501.90,1490.00,1490.00,1500.50
2022-03-11,VN30F2203,1487.50,1471.10,1476.00,1486.70
2022-03-14,VN30F2203,1476.00,1456.00,1463.40,1475.20
2022-03-15,VN30F2203,1469.70,1457.90,1464.50,1462.10
2022-03-16,VN30F2203,1475.10,1465.20,1471.80,1471.00
2022-03-17,VN30F2203,1478.80,1468.00,1472.20,1477.50
2022-03-18,VN30F2204,1483.50,1476.00,1478.10,1477.00
2022-03-21,VN30F2204,1496.10,1479.10,1494.90,1479.70
2022-03-22,VN30F2204,1505.50,1494.00,1500.00,1498.10
2022-03-23,VN30F2204,1510.20,1494.80,1497.20,1502.70
2022-03-24,VN30F2204,1499.50,1491.00,1494.00,1495.50
2022-03-25,VN30F2204,1497.10,1488.00,1494.00,1497.10
2022-03-28,VN30F2204,1490.80,1475.50,1483.50,1489.10
2022-03-29,VN30F2204,1493.50,1484.50,1493.40,1485.50
2022-03-30,VN30F2204,1503.90,1486.10,1489.80,1489.40
2022-03-31,VN30F2204,1499.40,1490.00,1496.00,1492.00
2022-04-01,VN30F2204,1528.00,1492.20,1525.00,1493.00
2022-04-04,VN30F2204,1537.30,1526.60,1528.40,1529.40
2022-04-05,VN30F2204,1532.70,1523.50,1525.30,1526.90
2022-04-06,VN30F2204,1550.60,1517.80,1540.30,1519.00
2022-04-07,VN30F2204,1544.50,1529.40,1529.80,1543.00
2022-04-08,VN30F2204,1535.30,1524.50,1523.90,1528.40
2022-04-12,VN30F2204,1526.60,1507.20,1509.40,1525.90
2022-04-13,VN30F2204,1521.20,1511.30,1519.70,1511.40
2022-04-14,VN30F2204,1524.60,1509.00,1512.50,1522.20
2022-04-15,VN30F2204,1517.40,1492.60,1492.60,1511.80
2022-04-18,VN30F2204,1494.40,1471.80,1473.10,1494.10
2022-04-19,VN30F2204,1484.50,1448.00,1454.10,1476.30
2022-04-20,VN30F2204,1458.00,1435.70,1440.00,1456.30
2022-04-21,VN30F2204,1452.00,1424.20,1435.30,1443.90
2022-04-22,VN30F2205,1459.80,1434.70,1445.00,1442.30
2022-04-25,VN30F2205,1445.60,1345.30,1353.10,1442.90
2022-04-26,VN30F2205,1393.20,1327.10,1391.00,1356.10
2022-04-27,VN30F2205,1406.00,1358.10,1401.00,1379.00
2022-04-28,VN30F2205,1406.70,1388.00,1392.00,1399.70
2022-04-29,VN30F2205,1421.60,1389.60,1409.00,1395.00
2022-05-04,VN30F2205,1410.00,1383.60,1383.00,1408.30
2022-05-05,VN30F2205,1403.60,1372.60,1402.50,1392.00
2022-05-06,VN30F2205,1396.30,1358.80,1362.00,1382.00
2022-05-09,VN30F2205,1355.80,1300.00,1308.10,1353.70
2022-05-10,VN30F2205,1340.90,1291.10,1335.00,1299.80
2022-05-11,VN30F2205,1349.00,1318.20,1337.00,1335.00
2022-05-12,VN30F2205,1334.00,1262.00,1270.00,1334.00
2022-05-13,VN30F2205,1288.10,1214.70,1225.00,1272.00
2022-05-16,VN30F2205,1261.90,1212.00,1212.00,1240.00
2022-05-17,VN30F2205,1283.00,1204.30,1280.90,1220.00
2022-05-18,VN30F2205,1304.80,1265.30,1281.00,1280.90
2022-05-19,VN30F2205,1292.90,1251.70,1283.00,1255.00
2022-05-20,VN30F2206,1299.20,1259.80,1276.80,1283.00
2022-05-23,VN30F2206,1289.00,1238.10,1253.10,1289.00
2022-05-24,VN30F2206,1271.10,1234.00,1267.00,1253.00
2022-05-25,VN30F2206,1306.00,1268.50,1299.30,1275.00
2022-05-26,VN30F2206,1310.50,1292.10,1300.90,1302.00
2022-05-27,VN30F2206,1328.80,1305.10,1322.50,1306.10
2022-05-30,VN30F2206,1331.00,1319.60,1325.60,1329.70
2022-05-31,VN30F2206,1326.80,1310.50,1320.50,1326.20
2022-06-01,VN30F2206,1337.50,1316.00,1326.00,1318.50
2022-06-02,VN30F2206,1330.00,1311.00,1315.00,1311.00
2022-06-03,VN30F2206,1323.90,1305.60,1318.50,1318.00
2022-06-06,VN30F2206,1332.00,1315.00,1315.00,1320.70
2022-06-07,VN30F2206,1315.50,1293.30,1315.00,1315.00
2022-06-08,VN30F2206,1342.00,1319.80,1333.00,1321.00
2022-06-09,VN30F2206,1339.00,1327.00,1335.30,1332.40
2022-06-10,VN30F2206,1333.80,1311.10,1311.10,1328.00
2022-06-13,VN30F2206,1289.90,1257.40,1260.20,1284.00
2022-06-14,VN30F2206,1272.50,1250.00,1268.30,1254.80
2022-06-15,VN30F2206,1270.50,1235.30,1251.30,1268.00
2022-06-16,VN30F2206,1286.50,1260.70,1286.00,1261.00
2022-06-17,VN30F2207,1249.00,1215.20,1245.20,1247.50
2022-06-20,VN30F2207,1249.40,1217.00,1212.00,1244.80
2022-06-21,VN30F2207,1240.00,1210.50,1228.00,1216.80
2022-06-22,VN30F2207,1240.90,1216.00,1216.00,1233.70
2022-06-23,VN30F2207,1230.30,1216.30,1227.80,1222.00
2022-06-24,VN30F2207,1237.90,1226.00,1227.00,1236.00
2022-06-27,VN30F2207,1247.90,1234.00,1247.90,1236.00
2022-06-28,VN30F2207,1266.50,1242.70,1261.00,1246.00
2022-06-29,VN30F2207,1262.90,1251.10,1260.50,1255.00
2022-06-30,VN30F2207,1264.80,1240.10,1240.10,1262.00
2022-07-01,VN30F2207,1243.50,1221.50,1242.00,1241.00
2022-07-04,VN30F2207,1252.10,1238.10,1242.00,1247.00
2022-07-05,VN30F2207,1251.90,1234.00,1234.90,1248.30
2022-07-06,VN30F2207,1234.80,1213.40,1218.00,1234.80
2022-07-07,VN30F2207,1226.20,1213.00,1225.00,1215.70
2022-07-08,VN30F2207,1231.80,1223.50,1225.00,1230.50
2022-07-11,VN30F2207,1221.80,1197.10,1200.70,1221.00
2022-07-12,VN30F2207,1216.00,1201.90,1213.50,1202.00
2022-07-13,VN30F2207,1220.10,1209.50,1210.00,1215.00
2022-07-14,VN30F2207,1217.90,1204.40,1215.70,1206.80
2022-07-15,VN30F2207,1221.80,1209.20,1210.10,1219.00
2022-07-18,VN30F2207,1221.00,1212.20,1215.40,1218.20
2022-07-19,VN30F2207,1216.40,1208.10,1213.00,1213.90
2022-07-20,VN30F2207,1230.80,1221.40,1226.10,1223.50
2022-07-21,VN30F2207,1242.00,1225.20,1234.10,1225.30
2022-07-22,VN30F2208,1234.00,1223.30,1225.60,1230.50
2022-07-25,VN30F2208,1224.70,1217.20,1221.90,1221.90
2022-07-26,VN30F2208,1225.50,1217.30,1218.90,1222.10
2022-07-27,VN30F2208,1223.00,1213.00,1223.00,1216.00
2022-07-28,VN30F2208,1237.30,1228.30,1231.60,1228.80
2022-07-29,VN30F2208,1236.90,1229.10,1230.70,1236.80
2022-08-01,VN30F2208,1246.00,1231.00,1244.40,1232.10
2022-08-02,VN30F2208,1249.40,1238.30,1245.90,1244.70
2022-08-03,VN30F2208,1252.90,1242.00,1250.00,1245.40
2022-08-04,VN30F2208,1260.00,1252.20,1257.50,1256.00
2022-08-05,VN30F2208,1264.50,1254.70,1264.50,1259.00
2022-08-08,VN30F2208,1267.80,1261.30,1266.00,1263.50
2022-08-09,VN30F2208,1275.80,1264.10,1272.70,1264.50
2022-08-10,VN30F2208,1273.80,1268.60,1270.60,1271.00
2022-08-11,VN30F2208,1288.00,1268.00,1268.00,1282.70
2022-08-12,VN30F2208,1280.10,1266.20,1280.10,1268.00
2022-08-15,VN30F2208,1294.50,1284.70,1293.00,1285.20
2022-08-16,VN30F2208,1297.50,1291.40,1296.90,1296.70
2022-08-17,VN30F2208,1311.20,1298.50,1309.00,1299.80
2022-08-18,VN30F2208,1312.90,1304.60,1304.80,1306.90
2022-08-19,VN30F2209,1292.10,1276.10,1281.00,1292.10
2022-08-22,VN30F2209,1278.90,1270.30,1271.00,1275.00
2022-08-23,VN30F2209,1283.10,1264.40,1283.10,1265.70
2022-08-24,VN30F2209,1287.80,1278.40,1285.20,1282.00
2022-08-25,VN30F2209,1304.30,1286.90,1303.00,1287.00
2022-08-26,VN30F2209,1305.90,1290.00,1293.00,1305.20
2022-08-29,VN30F2209,1286.00,1264.70,1286.00,1270.90
2022-08-30,VN30F2209,1295.70,1280.30,1287.00,1288.70
2022-08-31,VN30F2209,1298.50,1277.60,1293.90,1282.00
2022-09-05,VN30F2209,1298.50,1282.50,1286.00,1294.00
2022-09-06,VN30F2209,1295.90,1286.60,1290.00,1287.50
2022-09-07,VN30F2209,1286.80,1265.00,1265.00,1283.00
2022-09-08,VN30F2209,1275.60,1263.40,1264.10,1269.50
2022-09-09,VN30F2209,1275.00,1259.20,1275.00,1269.00
2022-09-12,VN30F2209,1283.20,1275.10,1276.80,1281.00
2022-09-13,VN30F2209,1278.80,1272.00,1272.00,1278.30
2022-09-14,VN30F2209,1262.00,1248.00,1259.00,1252.00
2022-09-15,VN30F2209,1263.50,1256.60,1262.20,1261.00
2022-09-16,VN30F2210,1254.30,1233.20,1237.00,1254.10
2022-09-19,VN30F2210,1239.00,1218.00,1223.50,1239.00
2022-09-20,VN30F2210,1235.40,1221.60,1232.70,1228.00
2022-09-21,VN30F2210,1229.00,1213.50,1219.60,1228.00
2022-09-22,VN30F2210,1225.00,1203.70,1225.00,1208.00
2022-09-23,VN30F2210,1223.00,1204.00,1210.00,1221.90
2022-09-26,VN30F2210,1199.00,1173.60,1192.00,1199.00
2022-09-27,VN30F2210,1196.30,1183.00,1185.00,1190.70
2022-09-28,VN30F2210,1178.00,1160.90,1165.00,1173.50
2022-09-29,VN30F2210,1176.90,1148.00,1148.00,1176.90
2022-09-30,VN30F2210,1164.70,1136.40,1150.00,1143.90
2022-10-03,VN30F2210,1147.00,1096.80,1102.60,1145.00
2022-10-04,VN30F2210,1125.00,1093.90,1102.00,1113.50
2022-10-05,VN30F2210,1134.40,1113.30,1115.20,1114.00
2022-10-06,VN30F2210,1119.40,1080.00,1080.00,1118.50
2022-10-07,VN30F2210,1072.00,1025.00,1032.20,1065.00
2022-10-10,VN30F2210,1050.00,1006.10,1032.50,1010.10
2022-10-11,VN30F2210,1027.60,979.70,989.00,1024.00
2022-10-12,VN30F2210,1038.90,995.00,1025.10,996.70
2022-10-13,VN30F2210,1039.60,1004.60,1039.60,1027.50
2022-10-14,VN30F2210,1067.00,1043.70,1048.00,1060.00
2022-10-17,VN30F2210,1050.00,1017.40,1050.00,1036.00
2022-10-18,VN30F2210,1069.80,1048.90,1057.90,1055.10
2022-10-19,VN30F2210,1059.50,1045.50,1053.00,1058.70
2022-10-20,VN30F2210,1059.70,1039.70,1058.00,1045.20
2022-10-21,VN30F2211,1038.80,981.60,985.00,1038.60
2022-10-24,VN30F2211,996.00,930.20,942.00,995.50
2022-10-25,VN30F2211,985.00,932.10,961.00,940.00
2022-10-26,VN30F2211,976.60,954.40,967.50,970.00
2022-10-27,VN30F2211,1025.00,972.10,1025.00,975.50
2022-10-28,VN30F2211,1036.90,1013.60,1016.00,1027.20
2022-10-31,VN30F2211,1027.90,984.30,1024.00,1023.80
2022-11-01,VN30F2211,1047.00,1018.00,1018.00,1030.10
2022-11-02,VN30F2211,1028.80,1003.00,1021.00,1015.10
2022-11-03,VN30F2211,1024.00,1001.10,1001.10,1011.00
2022-11-04,VN30F2211,996.20,958.10,980.00,995.20
2022-11-07,VN30F2211,991.00,950.00,950.00,980.20
2022-11-08,VN30F2211,985.50,935.00,972.10,945.10
2022-11-09,VN30F2211,988.00,955.50,959.00,976.90
2022-11-10,VN30F2211,959.60,905.40,912.80,951.00
2022-11-11,VN30F2211,959.80,930.50,938.00,934.10
2022-11-14,VN30F2211,938.00,912.70,932.00,934.00
2022-11-15,VN30F2211,926.90,884.60,895.00,926.00
2022-11-16,VN30F2211,957.60,860.60,957.60,876.10
2022-11-17,VN30F2211,973.80,950.20,972.50,953.00
2022-11-18,VN30F2212,975.50,938.50,963.00,960.10
2022-11-21,VN30F2212,971.00,938.20,938.20,969.30
2022-11-22,VN30F2212,990.00,926.00,926.00,933.00
2022-11-23,VN30F2212,948.00,915.80,924.10,933.00
2022-11-24,VN30F2212,939.80,918.00,938.90,921.00
2022-11-25,VN30F2212,967.00,945.30,969.00,946.50
2022-11-28,VN30F2212,1008.00,972.40,993.70,975.00
2022-11-29,VN30F2212,1015.50,986.60,1015.50,992.30
2022-11-30,VN30F2212,1031.30,1009.70,1027.90,1020.00
2022-12-01,VN30F2212,1059.80,1029.00,1029.00,1041.00
2022-12-02,VN30F2212,1101.00,1025.00,1101.00,1029.00
2022-12-05,VN30F2212,1128.00,1086.70,1104.00,1108.00
2022-12-06,VN30F2212,1103.00,1046.00,1046.00,1103.00
2022-12-07,VN30F2212,1062.20,1034.10,1053.30,1040.00
2022-12-08,VN30F2212,1105.50,1051.50,1055.00,1052.80
2022-12-09,VN30F2212,1084.00,1046.10,1070.00,1058.80
2022-12-12,VN30F2212,1074.30,1035.20,1035.20,1070.00
2022-12-13,VN30F2212,1058.00,1026.00,1058.00,1039.40
2022-12-14,VN30F2212,1071.30,1048.50,1059.60,1068.00
2022-12-15,VN30F2212,1079.00,1056.60,1065.10,1059.40
2022-12-16,VN30F2301,1076.00,1053.80,1060.00,1059.20
2022-12-19,VN30F2301,1076.00,1045.00,1045.00,1053.30
2022-12-20,VN30F2301,1044.00,1006.30,1027.00,1041.50
2022-12-21,VN30F2301,1039.00,1009.00,1037.00,1030.00
2022-12-22,VN30F2301,1045.60,1026.00,1037.70,1043.50
2022-12-23,VN30F2301,1045.00,1016.20,1034.80,1031.10
2022-12-26,VN30F2301,1032.00,991.30,986.40,1030.30
2022-12-27,VN30F2301,1011.00,982.10,1001.00,990.00
2022-12-28,VN30F2301,1017.90,990.90,1008.00,998.00
2022-12-29,VN30F2301,1014.50,999.60,993.00,1003.00
2022-12-30,VN30F2301,1010.30,995.20,1004.50,997.90
2023-01-03,VN30F2301,1045.50,999.80,1045.50,999.80
2023-01-04,VN30F2301,1054.20,1038.50,1042.70,1046.10
2023-01-05,VN30F2301,1061.00,1043.20,1053.80,1045.00
2023-01-06,VN30F2301,1068.00,1046.00,1051.00,1053.50
2023-01-09,VN30F2301,1064.00,1050.00,1053.60,1059.00
2023-01-10,VN30F2301,1062.80,1047.40,1056.60,1051.10
2023-01-11,VN30F2301,1073.00,1060.60,1062.70,1061.90
2023-01-12,VN30F2301,1069.10,1056.20,1065.20,1067.00
2023-01-13,VN30F2301,1075.70,1062.20,1069.10,1071.00
2023-01-16,VN30F2301,1075.80,1064.20,1075.20,1070.70
2023-01-17,VN30F2301,1107.40,1078.50,1107.00,1080.00
2023-01-18,VN30F2301,1122.40,1103.60,1117.30,1103.60
2023-01-19,VN30F2301,1124.00,1112.80,1121.00,1114.40
2023-01-27,VN30F2302,1145.80,1122.30,1127.00,1138.90
2023-01-30,VN30F2302,1129.00,1109.80,1109.80,1125.00
2023-01-31,VN30F2302,1126.90,1097.50,1125.00,1108.40
2023-02-01,VN30F2302,1130.60,1084.50,1088.50,1129.90
2023-02-02,VN30F2302,1101.30,1076.20,1088.00,1090.00
2023-02-03,VN30F2302,1093.50,1080.00,1081.90,1093.50
2023-02-06,VN30F2302,1095.10,1068.50,1090.60,1078.00
2023-02-07,VN30F2302,1093.90,1062.10,1067.30,1091.10
2023-02-08,VN30F2302,1084.00,1065.50,1072.00,1070.00
2023-02-09,VN30F2302,1077.00,1057.00,1057.00,1068.60
2023-02-10,VN30F2302,1059.00,1044.10,1045.00,1056.90
2023-02-13,VN30F2302,1046.00,1021.60,1038.60,1042.90
2023-02-14,VN30F2302,1041.00,1026.10,1030.90,1041.00
2023-02-15,VN30F2302,1051.00,1027.60,1037.00,1031.00
2023-02-16,VN30F2302,1053.70,1038.60,1052.30,1041.00
2023-02-17,VN30F2303,1052.60,1040.50,1049.00,1051.00
2023-02-20,VN30F2303,1091.00,1049.90,1088.00,1050.00
2023-02-21,VN30F2303,1092.70,1076.10,1076.10,1089.60
2023-02-22,VN30F2303,1070.60,1043.80,1043.80,1064.80
2023-02-23,VN30F2303,1048.00,1025.00,1048.00,1045.80
2023-02-24,VN30F2303,1047.70,1012.10,1020.00,1045.00
2023-02-27,VN30F2303,1020.00,1003.10,1011.00,1017.40
2023-02-28,VN30F2303,1022.80,1005.70,1008.00,1014.50
2023-03-01,VN30F2303,1035.00,998.10,1032.00,1003.60
2023-03-02,VN30F2303,1036.00,1020.10,1024.00,1031.00
2023-03-03,VN30F2303,1032.10,1005.20,1005.20,1028.00
2023-03-06,VN30F2303,1036.00,1010.00,1010.00,1013.60
2023-03-07,VN30F2303,1041.00,1018.60,1027.90,1020.00
2023-03-08,VN30F2303,1038.00,1013.60,1038.00,1017.00
2023-03-09,VN30F2303,1057.80,1036.00,1050.70,1042.70
2023-03-10,VN30F2303,1049.80,1031.10,1049.80,1042.90
2023-03-13,VN30F2303,1054.70,1043.00,1048.00,1043.50
2023-03-14,VN30F2303,1047.20,1032.60,1037.90,1043.80
2023-03-15,VN30F2303,1069.00,1051.30,1063.00,1051.30
2023-03-16,VN30F2303,1059.50,1041.10,1043.00,1058.00
2023-03-17,VN30F2304,1057.80,1041.20,1045.10,1056.30
2023-03-20,VN30F2304,1040.10,1017.10,1022.40,1040.00
2023-03-21,VN30F2304,1031.50,1013.00,1030.50,1028.00
2023-03-22,VN30F2304,1041.50,1030.60,1034.50,1038.10
2023-03-23,VN30F2304,1039.90,1027.00,1038.90,1027.00
2023-03-24,VN30F2304,1054.00,1041.20,1043.10,1041.90
2023-03-27,VN30F2304,1052.50,1040.60,1047.30,1045.50
2023-03-28,VN30F2304,1060.00,1050.10,1051.50,1052.60
2023-03-29,VN30F2304,1056.00,1048.50,1056.00,1049.80
2023-03-30,VN30F2304,1067.30,1060.80,1064.50,1060.90
2023-03-31,VN30F2304,1075.40,1064.50,1066.00,1064.50
2023-04-03,VN30F2304,1085.00,1077.00,1083.00,1082.00
2023-04-04,VN30F2304,1085.50,1078.30,1080.20,1085.00
2023-04-05,VN30F2304,1084.10,1077.40,1084.10,1081.80
2023-04-06,VN30F2304,1086.70,1073.00,1073.00,1083.80
2023-04-07,VN30F2304,1076.00,1068.00,1075.10,1076.00
2023-04-10,VN30F2304,1079.50,1070.60,1072.80,1075.50
2023-04-11,VN30F2304,1078.50,1065.20,1076.00,1070.00
2023-04-12,VN30F2304,1077.90,1071.00,1075.00,1077.90
2023-04-13,VN30F2304,1075.00,1069.70,1070.00,1074.50
2023-04-14,VN30F2304,1074.80,1063.10,1063.10,1072.00
2023-04-17,VN30F2304,1064.80,1057.80,1064.50,1063.50
2023-04-18,VN30F2304,1065.50,1060.10,1063.00,1065.40
2023-04-19,VN30F2304,1063.70,1053.30,1055.00,1063.00
2023-04-20,VN30F2304,1055.40,1048.60,1053.90,1055.00
2023-04-21,VN30F2305,1047.80,1040.00,1040.00,1047.80
2023-04-24,VN30F2305,1047.40,1036.90,1040.90,1038.00
2023-04-25,VN30F2305,1044.30,1030.50,1030.70,1042.00
2023-04-26,VN30F2305,1037.70,1025.60,1037.50,1028.90
2023-04-27,VN30F2305,1039.20,1032.40,1035.00,1036.40
2023-04-28,VN30F2305,1044.00,1037.30,1042.50,1039.00
2023-05-04,VN30F2305,1042.50,1031.00,1035.00,1041.90
2023-05-05,VN30F2305,1035.90,1030.50,1033.50,1032.10
2023-05-08,VN30F2305,1042.50,1036.30,1041.80,1037.50
2023-05-09,VN30F2305,1046.00,1041.10,1042.20,1041.90
2023-05-10,VN30F2305,1052.00,1042.30,1050.60,1043.00
2023-05-11,VN30F2305,1055.00,1050.00,1051.60,1051.60
2023-05-12,VN30F2305,1064.90,1048.30,1064.90,1050.20
2023-05-15,VN30F2305,1071.80,1065.00,1066.50,1068.00
2023-05-16,VN30F2305,1069.40,1064.30,1067.00,1068.30
2023-05-17,VN30F2305,1074.70,1065.00,1065.00,1065.80
2023-05-18,VN30F2305,1076.30,1066.50,1074.20,1067.00
2023-05-19,VN30F2306,1064.90,1052.50,1062.50,1064.90
2023-05-22,VN30F2306,1068.00,1060.60,1065.30,1062.90
2023-05-23,VN30F2306,1070.80,1055.70,1059.50,1067.40
2023-05-24,VN30F2306,1064.00,1054.50,1056.10,1061.60
2023-05-25,VN30F2306,1059.40,1052.60,1057.00,1054.00
2023-05-26,VN30F2306,1058.90,1054.30,1056.50,1057.80
2023-05-29,VN30F2306,1068.50,1059.30,1068.00,1059.90
2023-05-30,VN30F2306,1070.70,1064.00,1068.20,1069.50
2023-05-31,VN30F2306,1068.50,1059.00,1062.60,1067.80
2023-06-01,VN30F2306,1065.00,1056.70,1065.00,1062.00
2023-06-02,VN30F2306,1084.80,1068.40,1078.80,1069.50
2023-06-05,VN30F2306,1092.00,1082.50,1087.20,1082.80
2023-06-06,VN30F2306,1096.60,1084.10,1096.10,1085.10
2023-06-07,VN30F2306,1100.40,1093.20,1098.00,1099.00
2023-06-08,VN30F2306,1100.40,1089.00,1089.00,1099.10
2023-06-09,VN30F2306,1095.30,1086.00,1095.30,1090.00
2023-06-12,VN30F2306,1150.00,1091.20,1108.30,1098.30
2023-06-13,VN30F2306,1116.50,1106.60,1115.50,1109.00
2023-06-14,VN30F2306,1123.70,1112.10,1112.10,1115.70
2023-06-15,VN30F2306,1118.00,1108.20,1109.30,1109.50
2023-06-16,VN30F2307,1122.80,1100.00,1102.60,1104.20
2023-06-19,VN30F2307,1104.00,1094.20,1096.50,1100.10
2023-06-20,VN30F2307,1100.00,1090.10,1100.00,1096.00
2023-06-21,VN30F2307,1115.50,1095.60,1115.50,1101.80
2023-06-22,VN30F2307,1121.00,1110.20,1114.00,1115.00
2023-06-23,VN30F2307,1123.50,1112.50,1119.10,1114.20
2023-06-26,VN30F2307,1124.40,1111.70,1123.00,1118.00
2023-06-27,VN30F2307,1125.90,1120.80,1125.20,1125.50
2023-06-28,VN30F2307,1136.00,1126.50,1132.40,1127.00
2023-06-29,VN30F2307,1132.50,1115.00,1115.00,1132.20
2023-06-30,VN30F2307,1119.90,1114.40,1117.30,1115.60
2023-07-03,VN30F2307,1122.20,1115.80,1117.50,1120.70
2023-07-04,VN30F2307,1126.90,1113.50,1123.00,1116.00
2023-07-05,VN30F2307,1130.00,1122.70,1124.00,1123.00
2023-07-06,VN30F2307,1124.30,1111.20,1116.00,1122.50
2023-07-07,VN30F2307,1125.00,1113.70,1125.00,1114.00
2023-07-10,VN30F2307,1136.50,1126.00,1136.50,1126.00
2023-07-11,VN30F2307,1144.50,1136.50,1138.00,1139.00
2023-07-12,VN30F2307,1143.40,1135.20,1141.80,1139.30
2023-07-13,VN30F2307,1155.00,1145.60,1155.00,1146.00
2023-07-14,VN30F2307,1162.10,1144.40,1162.10,1158.50
2023-07-17,VN30F2307,1166.80,1159.20,1161.80,1160.40
2023-07-18,VN30F2307,1165.00,1157.90,1165.00,1162.00
2023-07-19,VN30F2307,1170.30,1164.10,1164.10,1168.00
2023-07-20,VN30F2307,1165.70,1159.00,1165.10,1163.90
2023-07-21,VN30F2308,1184.90,1162.30,1184.90,1164.90
2023-07-24,VN30F2308,1193.90,1182.00,1191.40,1185.00
2023-07-25,VN30F2308,1198.40,1190.30,1194.00,1193.20
2023-07-26,VN30F2308,1199.00,1192.30,1197.00,1194.00
2023-07-27,VN30F2308,1199.60,1190.10,1193.80,1198.00
2023-07-28,VN30F2308,1210.00,1191.20,1210.00,1191.80
2023-07-31,VN30F2308,1234.20,1213.70,1234.20,1214.00
2023-08-01,VN30F2308,1241.90,1220.00,1220.00,1235.20
2023-08-02,VN30F2308,1229.00,1218.00,1218.00,1221.00
2023-08-03,VN30F2308,1223.80,1205.00,1208.40,1216.80
2023-08-04,VN30F2308,1235.00,1211.60,1234.60,1211.80
2023-08-07,VN30F2308,1250.20,1235.30,1250.20,1237.90
2023-08-08,VN30F2308,1254.90,1241.30,1248.00,1254.50
2023-08-09,VN30F2308,1248.90,1234.00,1240.00,1248.00
2023-08-10,VN30F2308,1242.30,1224.40,1226.00,1238.00
2023-08-11,VN30F2308,1242.30,1222.30,1239.50,1230.00
2023-08-14,VN30F2308,1246.00,1235.30,1239.10,1242.40
2023-08-15,VN30F2308,1241.90,1235.50,1241.00,1241.80
2023-08-16,VN30F2308,1260.00,1243.30,1255.30,1245.50
2023-08-17,VN30F2308,1262.00,1252.30,1253.50,1252.50
2023-08-18,VN30F2309,1240.60,1173.00,1188.00,1238.10
2023-08-21,VN30F2309,1203.00,1182.00,1190.90,1185.10
2023-08-22,VN30F2309,1199.80,1160.90,1196.00,1194.00
2023-08-23,VN30F2309,1204.60,1173.00,1180.60,1202.00
2023-08-24,VN30F2309,1205.30,1180.20,1198.00,1183.60
2023-08-25,VN30F2309,1199.50,1188.00,1194.50,1195.10
2023-08-28,VN30F2309,1214.40,1198.10,1211.00,1201.60
2023-08-29,VN30F2309,1216.40,1205.10,1211.80,1213.60
2023-08-30,VN30F2309,1225.50,1212.00,1224.20,1214.40
2023-08-31,VN30F2309,1235.50,1223.10,1233.00,1224.00
2023-09-05,VN30F2309,1246.30,1236.50,1242.50,1237.70
2023-09-06,VN30F2309,1263.00,1237.20,1263.00,1240.80
2023-09-07,VN30F2309,1265.70,1248.10,1255.20,1262.10
2023-09-08,VN30F2309,1259.20,1248.00,1249.90,1255.10
2023-09-11,VN30F2309,1261.80,1201.00,1233.00,1259.00
2023-09-12,VN30F2309,1257.00,1228.30,1257.00,1230.20
2023-09-13,VN30F2309,1261.00,1235.20,1245.00,1257.00
2023-09-14,VN30F2309,1251.90,1226.10,1235.00,1246.30
2023-09-15,VN30F2309,1244.90,1233.60,1240.50,1238.30
2023-09-18,VN30F2309,1236.30,1212.50,1222.00,1236.00
2023-09-19,VN30F2309,1229.40,1213.50,1222.00,1225.10
2023-09-20,VN30F2309,1237.70,1221.60,1231.60,1222.90
2023-09-21,VN30F2309,1232.40,1217.10,1220.60,1230.00
2023-09-22,VN30F2310,1202.00,1176.20,1192.60,1200.10
2023-09-25,VN30F2310,1195.70,1162.00,1162.50,1186.10
2023-09-26,VN30F2310,1176.00,1151.60,1151.60,1161.00
2023-09-27,VN30F2310,1164.90,1146.00,1163.70,1152.10
2023-09-28,VN30F2310,1167.00,1138.00,1162.50,1165.50
2023-09-29,VN30F2310,1173.20,1160.60,1160.60,1165.70
2023-10-02,VN30F2310,1172.00,1157.70,1166.80,1162.50
2023-10-03,VN30F2310,1158.80,1127.60,1131.30,1158.80
2023-10-04,VN30F2310,1143.50,1116.10,1132.50,1121.80
2023-10-05,VN30F2310,1136.40,1120.00,1120.00,1133.00
2023-10-06,VN30F2310,1142.70,1120.00,1138.40,1122.50
2023-10-09,VN30F2310,1148.00,1132.50,1145.00,1136.40
2023-10-10,VN30F2310,1161.90,1153.30,1157.00,1156.00
2023-10-11,VN30F2310,1166.00,1153.10,1166.00,1157.00
2023-10-12,VN30F2310,1168.90,1158.10,1161.50,1168.60
2023-10-13,VN30F2310,1164.00,1146.10,1161.10,1155.00
2023-10-16,VN30F2310,1159.80,1143.00,1146.50,1158.00
2023-10-17,VN30F2310,1159.00,1134.90,1134.90,1151.40
2023-10-18,VN30F2310,1143.00,1113.00,1125.00,1139.00
2023-10-19,VN30F2310,1125.30,1111.00,1112.00,1124.00
2023-10-20,VN30F2311,1123.00,1096.90,1117.00,1101.00
2023-10-23,VN30F2311,1117.30,1093.70,1104.90,1116.90
2023-10-24,VN30F2311,1121.50,1102.00,1112.00,1109.00
2023-10-25,VN30F2311,1122.90,1109.20,1109.20,1116.30
2023-10-26,VN30F2311,1103.00,1052.00,1060.00,1102.20
2023-10-27,VN30F2311,1069.80,1050.00,1068.50,1065.10
2023-10-30,VN30F2311,1066.60,1039.90,1039.90,1059.80
2023-10-31,VN30F2311,1053.50,1035.50,1039.70,1043.90
2023-11-01,VN30F2311,1053.00,1039.00,1047.50,1046.80
2023-11-02,VN30F2311,1087.00,1054.80,1087.00,1057.50
2023-11-03,VN30F2311,1095.00,1084.60,1087.00,1092.10
2023-11-06,VN30F2311,1106.00,1095.40,1106.00,1095.90
2023-11-07,VN30F2311,1102.80,1094.00,1095.40,1101.60
2023-11-08,VN30F2311,1136.90,1086.30,1134.00,1094.50
2023-11-09,VN30F2311,1139.00,1123.40,1125.00,1135.10
2023-11-10,VN30F2311,1124.30,1106.00,1108.50,1115.00
2023-11-13,VN30F2311,1116.30,1099.60,1107.00,1109.10
2023-11-14,VN30F2311,1123.50,1110.10,1120.00,1115.90
2023-11-15,VN30F2311,1151.80,1133.00,1134.00,1141.00
2023-11-16,VN30F2311,1133.00,1122.20,1125.10,1128.40
2023-11-17,VN30F2312,1142.00,1095.00,1105.00,1142.00
2023-11-20,VN30F2312,1117.00,1080.30,1102.00,1081.90
2023-11-21,VN30F2312,1112.50,1101.00,1111.00,1108.00
2023-11-22,VN30F2312,1114.90,1096.20,1112.00,1111.80
2023-11-23,VN30F2312,1118.50,1080.00,1080.00,1118.30
2023-11-24,VN30F2312,1086.50,1066.00,1084.90,1083.00
2023-11-27,VN30F2312,1085.00,1076.00,1076.00,1084.00
2023-11-28,VN30F2312,1092.60,1068.30,1087.00,1077.40
2023-11-29,VN30F2312,1099.00,1087.00,1092.10,1087.00
2023-11-30,VN30F2312,1098.30,1075.50,1076.00,1090.10
2023-12-01,VN30F2312,1094.90,1077.40,1090.10,1081.00
2023-12-04,VN30F2312,1116.80,1094.20,1107.00,1097.00
2023-12-05,VN30F2312,1108.50,1096.10,1099.00,1105.60
2023-12-06,VN30F2312,1111.80,1101.20,1111.10,1103.20
2023-12-07,VN30F2312,1118.00,1097.40,1112.00,1109.50
2023-12-08,VN30F2312,1119.00,1109.00,1112.00,1112.00
2023-12-11,VN30F2312,1120.00,1112.30,1117.00,1115.60
2023-12-12,VN30F2312,1122.70,1113.20,1118.80,1121.50
2023-12-13,VN30F2312,1123.40,1106.30,1107.00,1123.00
2023-12-14,VN30F2312,1113.50,1103.20,1103.90,1112.80
2023-12-15,VN30F2312,1108.70,1096.70,1099.30,1105.40
2023-12-18,VN30F2312,1099.50,1082.00,1082.00,1097.80
2023-12-19,VN30F2312,1091.30,1078.10,1091.30,1082.00
2023-12-20,VN30F2312,1097.50,1090.20,1096.10,1092.00
2023-12-21,VN30F2312,1096.00,1089.00,1094.70,1093.50
2023-12-22,VN30F2401,1100.00,1093.30,1097.70,1100.00
2023-12-25,VN30F2401,1119.70,1096.30,1115.00,1096.30
2023-12-26,VN30F2401,1119.10,1113.30,1121.50,1115.40
2023-12-27,VN30F2401,1126.40,1117.60,1116.90,1121.80
2023-12-28,VN30F2401,1136.00,1117.00,1132.90,1118.30
2023-12-29,VN30F2401,1139.60,1130.50,1134.60,1133.20
2024-01-02,VN30F2401,1141.80,1131.00,1133.50,1138.50
2024-01-03,VN30F2401,1143.70,1126.40,1148.30,1130.50
2024-01-04,VN30F2401,1171.60,1145.50,1156.50,1146.00
2024-01-05,VN30F2401,1166.00,1154.20,1166.00,1156.10
2024-01-08,VN30F2401,1173.40,1160.50,1162.00,1166.40
2024-01-09,VN30F2401,1166.00,1158.60,1163.00,1166.00
2024-01-10,VN30F2401,1170.80,1159.30,1163.10,1162.80
2024-01-11,VN30F2401,1176.70,1162.80,1168.10,1165.00
2024-01-12,VN30F2401,1169.80,1151.00,1165.90,1165.90
2024-01-15,VN30F2401,1175.40,1162.70,1162.70,1168.90
2024-01-16,VN30F2401,1172.00,1157.50,1172.00,1158.00
2024-01-17,VN30F2401,1180.00,1164.30,1166.00,1171.10
2024-01-18,VN30F2401,1177.80,1165.80,1172.80,1168.10
2024-01-19,VN30F2402,1190.00,1180.30,1190.00,1181.00
2024-01-22,VN30F2402,1196.40,1186.00,1194.00,1194.80
2024-01-23,VN30F2402,1194.60,1180.50,1184.00,1192.70
2024-01-24,VN30F2402,1190.50,1178.80,1180.70,1183.40
2024-01-25,VN30F2402,1184.00,1175.00,1180.50,1181.00
2024-01-26,VN30F2402,1189.00,1181.00,1187.00,1182.90
2024-01-29,VN30F2402,1189.50,1181.60,1183.60,1188.60
2024-01-30,VN30F2402,1187.30,1182.70,1186.00,1184.00
2024-01-31,VN30F2402,1188.50,1165.60,1171.00,1186.20
2024-02-01,VN30F2402,1180.50,1168.60,1177.20,1168.90
2024-02-02,VN30F2402,1182.40,1174.80,1181.10,1179.90
2024-02-05,VN30F2402,1213.90,1181.30,1202.50,1182.60
2024-02-06,VN30F2402,1206.00,1200.50,1203.90,1201.40
2024-02-07,VN30F2402,1219.80,1205.20,1219.00,1206.70
2024-02-15,VN30F2402,1227.90,1217.80,1217.80,1224.90
2024-02-16,VN30F2403,1232.30,1222.60,1232.00,1225.60
2024-02-19,VN30F2403,1243.90,1230.50,1240.50,1231.60
2024-02-20,VN30F2403,1243.90,1237.40,1240.20,1241.40
2024-02-21,VN30F2403,1248.30,1235.10,1240.00,1235.20
2024-02-22,VN30F2403,1242.60,1235.50,1238.00,1240.10
2024-02-23,VN30F2403,1254.00,1225.00,1225.10,1240.50
2024-02-26,VN30F2403,1231.50,1222.10,1230.30,1228.80
2024-02-27,VN30F2403,1242.50,1230.30,1241.00,1231.00
2024-02-28,VN30F2403,1266.20,1241.40,1266.20,1242.90
2024-02-29,VN30F2403,1271.50,1255.00,1262.80,1266.20
2024-03-01,VN30F2403,1269.00,1259.10,1266.80,1265.00
2024-03-04,VN30F2403,1272.00,1263.30,1268.40,1270.20
2024-03-05,VN30F2403,1279.00,1264.10,1278.50,1267.00
2024-03-06,VN30F2403,1282.00,1255.10,1266.80,1276.90
2024-03-07,VN30F2403,1278.40,1264.20,1273.40,1267.80
2024-03-08,VN30F2403,1276.00,1248.70,1253.80,1274.50
2024-03-11,VN30F2403,1254.60,1230.80,1231.00,1250.30
2024-03-12,VN30F2403,1243.00,1232.00,1239.80,1232.90
2024-03-13,VN30F2403,1273.90,1240.20,1271.30,1241.00
2024-03-14,VN30F2403,1273.00,1252.50,1260.80,1271.60
2024-03-15,VN30F2403,1268.00,1241.30,1260.00,1257.10
2024-03-18,VN30F2403,1259.80,1218.40,1230.90,1257.90
2024-03-19,VN30F2403,1235.80,1224.20,1230.00,1232.80
2024-03-20,VN30F2403,1262.00,1228.00,1255.50,1233.00
2024-03-21,VN30F2403,1276.00,1260.20,1275.70,1260.20
2024-03-22,VN30F2404,1294.70,1275.70,1284.50,1287.00
2024-03-25,VN30F2404,1288.00,1267.20,1268.90,1281.00
2024-03-26,VN30F2404,1290.90,1265.50,1285.00,1268.00
2024-03-27,VN30F2404,1289.40,1279.60,1288.00,1286.00
2024-03-28,VN30F2404,1306.90,1293.70,1306.90,1294.00
2024-03-29,VN30F2404,1307.60,1295.30,1298.10,1306.70
2024-04-01,VN30F2404,1299.50,1283.00,1290.40,1292.20
2024-04-02,VN30F2404,1292.00,1274.10,1290.00,1285.00
2024-04-03,VN30F2404,1288.20,1269.10,1271.90,1284.80
2024-04-04,VN30F2404,1280.30,1265.00,1265.00,1275.60
2024-04-05,VN30F2404,1265.00,1251.20,1252.10,1254.00
2024-04-08,VN30F2404,1259.60,1247.20,1254.20,1256.10
2024-04-09,VN30F2404,1264.30,1254.20,1264.20,1258.00
2024-04-10,VN30F2404,1272.90,1258.90,1260.10,1265.00
2024-04-11,VN30F2404,1265.10,1250.80,1263.00,1250.80
2024-04-12,VN30F2404,1286.00,1260.10,1286.00,1265.50
2024-04-15,VN30F2404,1286.90,1232.00,1236.30,1281.50
2024-04-16,VN30F2404,1237.90,1212.40,1230.00,1234.90
2024-04-17,VN30F2404,1233.90,1206.50,1214.60,1233.80
2024-04-19,VN30F2405,1211.70,1191.70,1191.70,1200.10
2024-04-22,VN30F2405,1215.50,1200.00,1205.30,1200.00
2024-04-23,VN30F2405,1212.50,1187.00,1200.60,1210.00
2024-04-24,VN30F2405,1234.50,1207.10,1230.50,1208.00
2024-04-25,VN30F2405,1230.70,1221.10,1227.00,1226.20
2024-04-26,VN30F2405,1241.00,1220.50,1232.40,1221.50
2024-05-02,VN30F2405,1242.50,1226.80,1242.40,1230.20
2024-05-03,VN30F2405,1254.90,1246.50,1249.60,1250.00
2024-05-06,VN30F2405,1275.80,1256.20,1270.00,1256.40
2024-05-07,VN30F2405,1277.70,1266.20,1276.00,1273.00
2024-05-08,VN30F2405,1279.00,1261.00,1279.00,1273.00
2024-05-09,VN30F2405,1281.90,1267.00,1269.00,1277.00
2024-05-10,VN30F2405,1280.40,1258.60,1270.40,1274.20
2024-05-13,VN30F2405,1275.00,1261.80,1266.00,1272.00
2024-05-14,VN30F2405,1279.40,1269.10,1274.40,1269.80
2024-05-15,VN30F2405,1293.70,1277.30,1286.10,1277.30
2024-05-16,VN30F2405,1311.10,1294.00,1309.80,1295.80
2024-05-17,VN30F2406,1308.40,1301.70,1307.90,1306.80
2024-05-20,VN30F2406,1319.80,1310.10,1310.10,1315.00
2024-05-21,VN30F2406,1312.10,1297.00,1312.10,1307.70
2024-05-22,VN30F2406,1312.30,1287.40,1292.20,1310.30
2024-05-23,VN30F2406,1300.00,1283.00,1300.00,1288.80
2024-05-24,VN30F2406,1304.00,1271.20,1277.70,1293.40
2024-05-27,VN30F2406,1281.90,1272.40,1276.20,1279.80
2024-05-28,VN30F2406,1292.50,1279.10,1292.50,1279.70
2024-05-29,VN30F2406,1292.40,1275.80,1277.50,1292.00
2024-05-30,VN30F2406,1271.40,1256.10,1270.00,1269.90
2024-05-31,VN30F2406,1275.20,1266.50,1270.00,1270.50
2024-06-03,VN30F2406,1298.60,1280.60,1291.50,1282.70
2024-06-04,VN30F2406,1302.60,1291.10,1295.00,1292.90
2024-06-05,VN30F2406,1309.60,1295.00,1295.00,1301.40
2024-06-06,VN30F2406,1306.80,1292.10,1298.70,1295.50
2024-06-07,VN30F2406,1310.00,1297.70,1308.00,1306.00
2024-06-10,VN30F2406,1314.20,1305.00,1310.90,1313.00
2024-06-11,VN30F2406,1315.40,1300.30,1305.00,1315.00
2024-06-12,VN30F2406,1332.00,1301.30,1330.70,1302.20
2024-06-13,VN30F2406,1339.00,1324.70,1335.00,1331.00
2024-06-14,VN30F2406,1335.90,1317.00,1317.00,1333.50
2024-06-17,VN30F2406,1316.00,1305.00,1308.00,1315.50
2024-06-18,VN30F2406,1322.50,1308.50,1308.50,1312.20
2024-06-19,VN30F2406,1325.80,1298.70,1317.00,1309.90
2024-06-20,VN30F2406,1327.90,1316.30,1323.70,1317.60
2024-06-21,VN30F2407,1323.60,1311.20,1320.90,1322.60
2024-06-24,VN30F2407,1317.40,1285.50,1290.70,1314.00
2024-06-25,VN30F2407,1294.00,1280.00,1287.70,1294.00
2024-06-26,VN30F2407,1291.80,1275.00,1290.00,1288.00
2024-06-27,VN30F2407,1292.00,1280.60,1289.00,1285.00
2024-06-28,VN30F2407,1292.80,1271.10,1274.30,1291.60
2024-07-01,VN30F2407,1285.80,1271.70,1285.00,1277.20
2024-07-02,VN30F2407,1299.00,1283.50,1295.20,1284.70
2024-07-03,VN30F2407,1310.00,1294.50,1307.00,1297.10
2024-07-04,VN30F2407,1313.50,1303.30,1308.60,1307.00
2024-07-05,VN30F2407,1316.90,1307.00,1316.30,1308.50
2024-07-08,VN30F2407,1317.90,1305.60,1314.00,1317.00
2024-07-09,VN30F2407,1322.00,1304.50,1320.50,1316.10
2024-07-10,VN30F2407,1322.00,1309.40,1310.00,1318.90
2024-07-11,VN30F2407,1317.90,1305.50,1305.70,1316.00
2024-07-12,VN30F2407,1310.00,1298.00,1300.00,1304.90
2024-07-15,VN30F2407,1305.60,1292.50,1299.00,1302.00
2024-07-16,VN30F2407,1308.80,1298.50,1302.70,1301.50
2024-07-17,VN30F2407,1322.00,1294.40,1303.20,1309.00
2024-07-18,VN30F2407,1305.00,1287.20,1297.50,1303.20
2024-07-19,VN30F2408,1312.00,1295.10,1297.10,1304.50
2024-07-22,VN30F2408,1304.60,1291.00,1300.00,1291.30
2024-07-23,VN30F2408,1303.80,1280.00,1284.20,1301.40
2024-07-24,VN30F2408,1287.60,1273.30,1283.50,1283.30
2024-07-25,VN30F2408,1279.20,1270.60,1276.60,1275.20
2024-07-26,VN30F2408,1285.00,1276.80,1285.00,1278.60
2024-07-29,VN30F2408,1294.80,1287.80,1287.80,1289.90
2024-07-30,VN30F2408,1292.40,1284.20,1292.40,1286.10
2024-07-31,VN30F2408,1304.30,1291.00,1304.30,1292.00
2024-08-01,VN30F2408,1306.20,1270.50,1275.00,1306.00
2024-08-02,VN30F2408,1277.80,1256.30,1275.90,1265.30
2024-08-05,VN30F2408,1263.00,1226.60,1233.00,1257.00
2024-08-06,VN30F2408,1256.30,1237.10,1249.60,1244.80
2024-08-07,VN30F2408,1255.60,1245.50,1250.00,1252.20
2024-08-08,VN30F2408,1251.40,1237.30,1240.10,1248.30
2024-08-09,VN30F2408,1266.60,1247.30,1264.90,1249.00
2024-08-12,VN30F2408,1270.50,1258.70,1270.00,1262.50
2024-08-13,VN30F2408,1270.30,1262.20,1267.00,1269.00
2024-08-14,VN30F2408,1274.00,1268.00,1268.00,1270.90
2024-08-15,VN30F2408,1269.70,1263.00,1267.70,1268.00
2024-08-16,VN30F2409,1290.00,1268.10,1288.00,1271.60
2024-08-19,VN30F2409,1300.70,1288.20,1298.00,1289.00
2024-08-20,VN30F2409,1308.80,1298.30,1302.00,1301.60
2024-08-21,VN30F2409,1314.60,1297.10,1312.40,1300.80
2024-08-22,VN30F2409,1316.70,1310.20,1314.20,1312.70
2024-08-23,VN30F2409,1318.80,1310.10,1315.30,1311.60
2024-08-26,VN30F2409,1323.10,1316.20,1317.00,1320.80
2024-08-27,VN30F2409,1323.80,1315.20,1321.80,1316.90
2024-08-28,VN30F2409,1324.80,1317.00,1322.10,1320.60
2024-08-29,VN30F2409,1330.20,1320.30,1326.80,1321.10
2024-08-30,VN30F2409,1335.00,1328.00,1332.70,1328.90
2024-09-04,VN30F2409,1321.60,1307.30,1314.00,1320.80
2024-09-05,VN30F2409,1318.60,1304.20,1307.70,1316.10
2024-09-06,VN30F2409,1311.30,1305.60,1309.00,1307.60
2024-09-09,VN30F2409,1309.00,1298.50,1307.70,1299.10
2024-09-10,VN30F2409,1313.60,1289.00,1294.10,1310.50
2024-09-11,VN30F2409,1297.50,1286.50,1293.00,1294.50
2024-09-12,VN30F2409,1303.40,1297.50,1297.50,1300.00
2024-09-13,VN30F2409,1300.20,1291.20,1294.10,1300.00
2024-09-16,VN30F2409,1297.40,1282.00,1282.00,1297.00
2024-09-17,VN30F2409,1305.80,1282.20,1305.80,1283.00
2024-09-18,VN30F2409,1318.50,1303.20,1311.90,1305.00
2024-09-19,VN30F2409,1320.20,1312.60,1316.90,1314.00
2024-09-20,VN30F2410,1338.30,1327.50,1330.00,1329.80
2024-09-23,VN30F2410,1332.60,1324.50,1325.50,1331.00
2024-09-24,VN30F2410,1335.40,1322.00,1335.00,1326.00
2024-09-25,VN30F2410,1350.00,1335.60,1344.00,1335.60
2024-09-26,VN30F2410,1366.70,1345.20,1356.40,1346.00
2024-09-27,VN30F2410,1363.80,1350.80,1355.50,1357.70
2024-09-30,VN30F2410,1357.00,1349.70,1357.00,1352.60
2024-10-01,VN30F2410,1374.70,1360.00,1360.00,1361.30
2024-10-02,VN30F2410,1361.40,1351.60,1357.10,1353.30
2024-10-03,VN30F2410,1376.90,1349.00,1349.00,1360.00
2024-10-04,VN30F2410,1352.70,1343.00,1343.00,1351.90
2024-10-07,VN30F2410,1349.40,1331.60,1340.00,1347.50
2024-10-08,VN30F2410,1350.00,1336.60,1341.70,1340.10
2024-10-09,VN30F2410,1358.50,1342.40,1358.30,1344.10
2024-10-10,VN30F2410,1373.40,1362.30,1366.20,1363.40
2024-10-11,VN30F2410,1368.00,1358.50,1366.60,1366.20
2024-10-14,VN30F2410,1376.80,1358.50,1359.00,1376.00
2024-10-15,VN30F2410,1369.60,1354.50,1358.00,1360.00
2024-10-16,VN30F2410,1359.60,1350.50,1354.60,1355.90
2024-10-17,VN30F2410,1361.90,1347.10,1358.30,1358.00
2024-10-18,VN30F2411,1378.00,1363.80,1365.90,1375.00
2024-10-21,VN30F2411,1369.90,1362.50,1363.90,1364.00
2024-10-22,VN30F2411,1363.40,1350.00,1352.20,1360.00
2024-10-23,VN30F2411,1355.60,1345.00,1354.00,1353.00
2024-10-24,VN30F2411,1354.10,1336.10,1338.00,1352.80
2024-10-25,VN30F2411,1339.80,1327.00,1327.20,1338.50
2024-10-28,VN30F2411,1332.40,1327.20,1332.00,1330.00
2024-10-29,VN30F2411,1341.20,1334.00,1339.40,1334.00
2024-10-30,VN30F2411,1342.70,1331.20,1342.00,1341.80
2024-10-31,VN30F2411,1347.90,1333.70,1343.50,1339.00
2024-11-01,VN30F2411,1340.50,1325.20,1330.40,1340.20
2024-11-04,VN30F2411,1332.90,1317.00,1318.50,1332.80
2024-11-05,VN30F2411,1324.20,1317.20,1319.00,1319.60
2024-11-06,VN30F2411,1341.00,1324.00,1341.00,1325.00
2024-11-07,VN30F2411,1343.60,1333.80,1334.70,1342.00
2024-11-08,VN30F2411,1340.50,1318.00,1324.00,1337.50
2024-11-11,VN30F2411,1324.40,1305.80,1320.10,1324.00
2024-11-12,VN30F2411,1323.50,1302.40,1310.00,1321.10
2024-11-13,VN30F2411,1313.50,1298.20,1307.30,1304.00
2024-11-14,VN30F2411,1310.00,1292.90,1292.90,1305.30
2024-11-15,VN30F2411,1292.80,1275.60,1275.60,1292.80
2024-11-18,VN30F2411,1280.70,1261.80,1273.20,1271.50
2024-11-19,VN30F2411,1274.90,1262.20,1262.30,1272.90
2024-11-20,VN30F2411,1280.40,1253.40,1270.00,1260.00
2024-11-21,VN30F2411,1283.80,1264.40,1281.30,1267.80
2024-11-22,VN30F2412,1301.80,1291.20,1298.00,1294.70
2024-11-25,VN30F2412,1301.00,1294.30,1298.40,1298.80
2024-11-26,VN30F2412,1312.00,1296.00,1307.00,1296.10
2024-11-27,VN30F2412,1309.30,1304.20,1307.80,1307.60
2024-11-28,VN30F2412,1319.00,1304.90,1305.50,1310.10
2024-11-29,VN30F2412,1318.70,1304.30,1318.00,1305.00
2024-12-02,VN30F2412,1323.80,1309.10,1313.50,1322.90
2024-12-03,VN30F2412,1318.40,1305.30,1314.00,1315.90
2024-12-04,VN30F2412,1312.90,1302.60,1303.00,1312.30
2024-12-05,VN30F2412,1345.80,1302.20,1345.00,1303.80
2024-12-06,VN30F2412,1348.90,1340.60,1342.00,1342.60
2024-12-09,VN30F2412,1351.90,1335.90,1339.90,1342.00
2024-12-10,VN30F2412,1345.60,1336.50,1343.00,1339.90
2024-12-11,VN30F2412,1347.70,1333.00,1338.60,1340.60
2024-12-12,VN30F2412,1351.60,1336.40,1339.50,1340.90
2024-12-13,VN30F2412,1339.30,1330.10,1335.00,1336.00
2024-12-16,VN30F2412,1338.40,1327.20,1335.00,1333.00
2024-12-17,VN30F2412,1336.60,1326.20,1331.00,1336.60
2024-12-18,VN30F2412,1335.00,1328.70,1331.00,1329.00
2024-12-19,VN30F2412,1322.00,1311.50,1312.30,1315.00
